--TABLA PAIS
INSERT INTO PAIS(ID_PAIS,NOMBRE_PAIS) VALUES (1,'ECUADOR');
--TABLA PROVINCIA
INSERT INTO PROVINCIA(ID_PROVINCIA,ID_PAIS,NOMBRE_PROVINCIA) VALUES (1,1,'MANABI');
INSERT INTO PROVINCIA(ID_PROVINCIA,ID_PAIS,NOMBRE_PROVINCIA) VALUES (2,1,'GUAYAS');
INSERT INTO PROVINCIA(ID_PROVINCIA,ID_PAIS,NOMBRE_PROVINCIA) VALUES (3,1,'PICHINCHA');
INSERT INTO PROVINCIA(ID_PROVINCIA,ID_PAIS,NOMBRE_PROVINCIA) VALUES (4,1,'AZUAY');
--TABLA CIUDAD
INSERT INTO CIUDAD(ID_CIUDAD,ID_PROVINCIA,NOMBRE_CIUDAD) VALUES (1,1,'MANTA');
INSERT INTO CIUDAD(ID_CIUDAD,ID_PROVINCIA,NOMBRE_CIUDAD) VALUES (2,1,'PUERTO LOPEZ');
INSERT INTO CIUDAD(ID_CIUDAD,ID_PROVINCIA,NOMBRE_CIUDAD) VALUES (3,3,'QUITO');
INSERT INTO CIUDAD(ID_CIUDAD,ID_PROVINCIA,NOMBRE_CIUDAD) VALUES (4,2,'GUAYAQUIL');
INSERT INTO CIUDAD(ID_CIUDAD,ID_PROVINCIA,NOMBRE_CIUDAD) VALUES (5,4,'CUENCA');

--TABLA CLIENTE
INSERT INTO CLIENTE(ID_CLIENTE,NOMBRE_C,CEDULA_C,NUME_TELE_C,CORREO_C,TIPO_USUARIO) VALUES
(1,'PATRICIA MEZA LOOR','1342343478','0944785634','pmlp@gmail.com','NORMAL');
INSERT INTO CLIENTE(ID_CLIENTE,NOMBRE_C,CEDULA_C,NUME_TELE_C,CORREO_C,TIPO_USUARIO) VALUES
(2,'JUAN PEREZ PIN','1312345678','0934595633','juanpp@gmail.com','NORMAL');
INSERT INTO CLIENTE(ID_CLIENTE,NOMBRE_C,CEDULA_C,NUME_TELE_C,CORREO_C,TIPO_USUARIO) VALUES
(3,'KARLA DELGADO PEREZ','1312345623','0934595637','kdp@gmail.com','NORMAL');
INSERT INTO CLIENTE(ID_CLIENTE,NOMBRE_C,CEDULA_C,NUME_TELE_C,CORREO_C,TIPO_USUARIO) VALUES
(4,'KERLY ZAMORA PONCE','1312345656','0988956349','kerlyzp@gmail.com','USUARIO WEB');
INSERT INTO CLIENTE(ID_CLIENTE,NOMBRE_C,CEDULA_C,NUME_TELE_C,CORREO_C,TIPO_USUARIO) VALUES
(5,'KLEVER PAZ PIN','1312345345','0956834211','kpp@gmail.com','USUARIO WEB');

--TABLA TIPO_PAGO
INSERT INTO TIPO_PAGO(ID_TIPO_P,CANTIDAD_P_E,EFECTIVO,CANTIDAD_C,CREDITO,CANTIDAD_OP,OTRA_FORMA_PAGO) 
VALUES (1,1,500,1,500,0,0);
INSERT INTO TIPO_PAGO(ID_TIPO_P,CANTIDAD_P_E,EFECTIVO,CANTIDAD_C,CREDITO,CANTIDAD_OP,OTRA_FORMA_PAGO)
VALUES (2,3,600,1,200,1,200);
INSERT INTO TIPO_PAGO(ID_TIPO_P,CANTIDAD_P_E,EFECTIVO,CANTIDAD_C,CREDITO,CANTIDAD_OP,OTRA_FORMA_PAGO)
VALUES (3,1,250,1,250,2,500);
INSERT INTO TIPO_PAGO(ID_TIPO_P,CANTIDAD_P_E,EFECTIVO,CANTIDAD_C,CREDITO,CANTIDAD_OP,OTRA_FORMA_PAGO)
VALUES (4,1,100,3,300,1,1000);
INSERT INTO TIPO_PAGO(ID_TIPO_P,CANTIDAD_P_E,EFECTIVO,CANTIDAD_C,CREDITO,CANTIDAD_OP,OTRA_FORMA_PAGO)
VALUES (5,0,0,1,500,1,500);

--TABLA EPOCAS_VENTAS
INSERT INTO EPOCAS_VENTA(ID_EPOCAS,SITIO_E,FECHA_VENTAS_ALTAS,FECHA_VENTA_BAJAS) 
VALUES (1,'PUERTO LOPEZ','2020-06-01','2020-08-31');
INSERT INTO EPOCAS_VENTA(ID_EPOCAS,SITIO_E,FECHA_VENTAS_ALTAS,FECHA_VENTA_BAJAS) 
VALUES (2,'GUAYAQUIL','2020-08-09','2020-02-01');
INSERT INTO EPOCAS_VENTA(ID_EPOCAS,SITIO_E,FECHA_VENTAS_ALTAS,FECHA_VENTA_BAJAS) 
VALUES (3,'MANTA','2020-11-04','2020-03-01');
INSERT INTO EPOCAS_VENTA(ID_EPOCAS,SITIO_E,FECHA_VENTAS_ALTAS,FECHA_VENTA_BAJAS) 
VALUES (4,'QUITO','2020-12-01','2020-04-01');
INSERT INTO EPOCAS_VENTA(ID_EPOCAS,SITIO_E,FECHA_VENTAS_ALTAS,FECHA_VENTA_BAJAS) 
VALUES (5,'CUENCA','2020-11-03','2020-02-01');

--TABLA EMPRESA
INSERT INTO EMPRESA_PAQUETES(ID_EMPRESA_PA,ID_EPOCAS,NOMBRE_E) VALUES
(1,1,'TRAVEL');

--TABLA AGENTE
INSERT INTO AGENTE(ID_AGENTE, ID_EMPRESA_PA,NOMBRE_A,CEDULA_A,NUME_TELE_G,CORREO_A,FECHA_INGRESA) VALUES
(1,1,'WINTER MEZA JIMENEZ','1317233748','0989500496','winteramj@gmail.com','2019-05-22');
INSERT INTO AGENTE(ID_AGENTE, ID_EMPRESA_PA,NOMBRE_A,CEDULA_A,NUME_TELE_G,CORREO_A,FECHA_INGRESA) VALUES
(2,1,'PAULA PALACIO LOOR','1344633459','0912326734','ppl@gmail.com','2020-01-15');
INSERT INTO AGENTE(ID_AGENTE, ID_EMPRESA_PA,NOMBRE_A,CEDULA_A,NUME_TELE_G,CORREO_A,FECHA_INGRESA) VALUES
(3,1,'PATRICIA RUIZ PONCE','1389231245','0934123423','prp@gmail.com','2019-01-15');

-- TABLA SASTIFACCION
INSERT INTO SASTIFACCION(ID_SASTIFACION, ID_CLIENTE,FECHA_INCIDENTES,INCIDENTES_S,TOTAL_VISITAS,BUENAS_VISITAS,MALAS_VISITAS)
VALUES(1,1,'2019-05-22','PERDIDA DE DOCUMENTOS',3,1,2);
INSERT INTO SASTIFACCION(ID_SASTIFACION, ID_CLIENTE,FECHA_INCIDENTES,INCIDENTES_S,TOTAL_VISITAS,BUENAS_VISITAS,MALAS_VISITAS)
VALUES(2,1,'2020-03-12','ROBO',4,3,2);
INSERT INTO SASTIFACCION(ID_SASTIFACION, ID_CLIENTE,FECHA_INCIDENTES,INCIDENTES_S,TOTAL_VISITAS,BUENAS_VISITAS,MALAS_VISITAS)
VALUES(3,1,'2020-12-25','ROBO',10,5,5);
INSERT INTO SASTIFACCION(ID_SASTIFACION, ID_CLIENTE,FECHA_INCIDENTES,INCIDENTES_S,TOTAL_VISITAS,BUENAS_VISITAS,MALAS_VISITAS)
VALUES(4,2,'2020-06-22','ACCIDENTE',8,7,1);
INSERT INTO SASTIFACCION(ID_SASTIFACION, ID_CLIENTE,FECHA_INCIDENTES,INCIDENTES_S,TOTAL_VISITAS,BUENAS_VISITAS,MALAS_VISITAS)
VALUES(5,3,'2020-12-06','PERDIDA DE DOCUMENTOS',3,1,2);

--TABLA SERVICIOS_ADICIONALES
INSERT INTO SERVICIOS_ADICIONALES(ID_SA,NOMBRE_S,SEGURO_VIDA,SEGURO_ACCIDENTES)
VALUES(1,'PREMIUM',200,100);
INSERT INTO SERVICIOS_ADICIONALES(ID_SA,NOMBRE_S,SEGURO_VIDA,SEGURO_ACCIDENTES)
VALUES(2,'MEDIO',100,50);
INSERT INTO SERVICIOS_ADICIONALES(ID_SA,NOMBRE_S,SEGURO_VIDA,SEGURO_ACCIDENTES)
VALUES(3,'NORMAL',50,25);

--TABLA CONVENIOS
INSERT INTO  CONVENIOS(ID_CONVENIOS,ID_EMPRESA_PA,TIPO_EMPRESA,DIRECCION_EMPREC,
PROPIETARIO_EMPREC,NUMERO_TELEC)VALUES(1,1,'HOTEL MAR','CALLE 25, AVE. NUEVE DE OCTUBRE',
'ANA MARTINEZ MUENTES','0954521234');
INSERT INTO  CONVENIOS(ID_CONVENIOS,ID_EMPRESA_PA,TIPO_EMPRESA,DIRECCION_EMPREC,
PROPIETARIO_EMPREC,NUMERO_TELEC)VALUES(2,1,'BAR PIEDRITAS','CALLE 15, AVE. DIEZ DE AGOSTO',
'PEDRO CASTILLO SALTOS','0934212345');
INSERT INTO  CONVENIOS(ID_CONVENIOS,ID_EMPRESA_PA,TIPO_EMPRESA,DIRECCION_EMPREC,
PROPIETARIO_EMPREC,NUMERO_TELEC)VALUES(3,1,'DISCOTECA MARRUECOS','CALLE 118, AVE. CUENCA',
'ANTONIO VELEZ GARCIA','0942315634');
INSERT INTO  CONVENIOS(ID_CONVENIOS,ID_EMPRESA_PA,TIPO_EMPRESA,DIRECCION_EMPREC,
PROPIETARIO_EMPREC,NUMERO_TELEC)VALUES(4,1,'BAR CARMELITA','CALLE 25, AVE.PLAZA CIVICA',
'ROBERT MOREIRA SANTOS','0923125678');
INSERT INTO  CONVENIOS(ID_CONVENIOS,ID_EMPRESA_PA,TIPO_EMPRESA,DIRECCION_EMPREC,
PROPIETARIO_EMPREC,NUMERO_TELEC)VALUES(5,1,'HOTEL MAR PLATA','CALLE 125, AVE.PUERTO LOPEZ',
'PEDRO PIN SILVA','0954534323');

--TABLA CONTRATACION
INSERT INTO  CONTRATACION(ID_CONTRATACION,ID_SA,ID_CLIENTE,ID_AGENTE,FECHA_PAGO,
FECHA_INICIO_VIAJE,FECHA_FIN_VIAJE)VALUES(1,1,1,1,'2019-05-19','2019-05-20','2019-05-28');
INSERT INTO  CONTRATACION(ID_CONTRATACION,ID_SA,ID_CLIENTE,ID_AGENTE,FECHA_PAGO,
FECHA_INICIO_VIAJE,FECHA_FIN_VIAJE)VALUES(2,2,2,2,'2020-03-08','2020-03-08','2020-03-15' );
INSERT INTO  CONTRATACION(ID_CONTRATACION,ID_SA,ID_CLIENTE,ID_AGENTE,FECHA_PAGO,
FECHA_INICIO_VIAJE,FECHA_FIN_VIAJE)VALUES(3,3,3,3,'2020-12-24','2020-12-25','2020-12-31');
INSERT INTO  CONTRATACION(ID_CONTRATACION,ID_SA,ID_CLIENTE,ID_AGENTE,FECHA_PAGO,
FECHA_INICIO_VIAJE,FECHA_FIN_VIAJE)VALUES(4,3,4,2,'2020-06-20','2020-06-20','2020-06-25');
INSERT INTO  CONTRATACION(ID_CONTRATACION,ID_SA,ID_CLIENTE,ID_AGENTE,FECHA_PAGO,
FECHA_INICIO_VIAJE,FECHA_FIN_VIAJE)VALUES(5,3,5,1,'2020-12-01','2020-12-04','2020-12-08');

--TABLA PAQUETE_TURISTICO
INSERT INTO PAQUETE_TURISTICO(ID_PT,ID_EMPRESA_PA,ID_CIUDAD,ID_AGENTE,ID_CLIENTE,
ID_CONVENIOS,TIPO_PT,CANTIDAD_PT,PRECIO_PT,TOTAL_PT)
VALUES(1,1,1,1,1,1,'MANTA CITY',2,500,1000);
INSERT INTO PAQUETE_TURISTICO(ID_PT,ID_EMPRESA_PA,ID_CIUDAD,ID_AGENTE,ID_CLIENTE,
ID_CONVENIOS,TIPO_PT,CANTIDAD_PT,PRECIO_PT,TOTAL_PT)
VALUES(2,1,2,2,2,2,'PUERTO LOPEZ CITY',5,200,1000);
INSERT INTO PAQUETE_TURISTICO(ID_PT,ID_EMPRESA_PA,ID_CIUDAD,ID_AGENTE,ID_CLIENTE,
ID_CONVENIOS,TIPO_PT,CANTIDAD_PT,PRECIO_PT,TOTAL_PT)
VALUES(3,1,3,3,3,3,'QUITO CITY',4,250,1000);
INSERT INTO PAQUETE_TURISTICO(ID_PT,ID_EMPRESA_PA,ID_CIUDAD,ID_AGENTE,ID_CLIENTE,
ID_CONVENIOS,TIPO_PT,CANTIDAD_PT,PRECIO_PT,TOTAL_PT)
VALUES(4,1,4,2,4,4,'GUAYAQUIL CITY',5,100,500);
INSERT INTO PAQUETE_TURISTICO(ID_PT,ID_EMPRESA_PA,ID_CIUDAD,ID_AGENTE,ID_CLIENTE,
ID_CONVENIOS,TIPO_PT,CANTIDAD_PT,PRECIO_PT,TOTAL_PT)
VALUES(5,1,5,3,5,5,'CUENCA CITY',2,500,1000);

--TABLA SERVICIOS
INSERT INTO SERVICIOS(ID_SERVICIOS,ID_PT,HOSPEDAJES,TRASLADO,EVENTOS)
VALUES(1,1,200,150,150);
INSERT INTO SERVICIOS(ID_SERVICIOS,ID_PT,HOSPEDAJES,TRASLADO,EVENTOS)
VALUES(2,2,100,50,50);
INSERT INTO SERVICIOS(ID_SERVICIOS,ID_PT,HOSPEDAJES,TRASLADO,EVENTOS)
VALUES(3,3,150,50,50);
INSERT INTO SERVICIOS(ID_SERVICIOS,ID_PT,HOSPEDAJES,TRASLADO,EVENTOS)
VALUES(4,4,70,20,50);
INSERT INTO SERVICIOS(ID_SERVICIOS,ID_PT,HOSPEDAJES,TRASLADO,EVENTOS)
VALUES(5,5,300,100,200);

--TABLA PAGO
INSERT INTO PAGO(ID_PAGO,ID_CONTRATACION,ID_TIPO_P,ID_SERVICIOS,ID_SA,ID_SASTIFACION,TOTAL_PAGO)
VALUES(1,1,1,1,1,1,1300);
INSERT INTO PAGO(ID_PAGO,ID_CONTRATACION,ID_TIPO_P,ID_SERVICIOS,ID_SA,ID_SASTIFACION,TOTAL_PAGO)
VALUES(2,2,2,2,2,2,1150);
INSERT INTO PAGO(ID_PAGO,ID_CONTRATACION,ID_TIPO_P,ID_SERVICIOS,ID_SA,ID_SASTIFACION,TOTAL_PAGO)
VALUES(3,3,3,3,3,3,1075);
INSERT INTO PAGO(ID_PAGO,ID_CONTRATACION,ID_TIPO_P,ID_SERVICIOS,ID_SA,ID_SASTIFACION,TOTAL_PAGO)
VALUES(4,4,4,4,2,4,650);
INSERT INTO PAGO(ID_PAGO,ID_CONTRATACION,ID_TIPO_P,ID_SERVICIOS,ID_SA,ID_SASTIFACION,TOTAL_PAGO)
VALUES(5,5,5,5,1,5,1300);

